{   
    "menuSection": "Сенсоры",

    "configItem": [{
        "name": "Cенсор температуры dht11",
        "type": "Reading",
        "subtype": "Dht1122t",
        "id": "tmp3",
        "widget": "anydataTmp",
        "page": "Сенсоры",
        "descr": "Температура",
        "int": 15,
        "pin": 0,
        "senstype": "dht11"
    },
    {
        "name": "Cенсор влажности dht11",
        "type": "Reading",
        "subtype": "Dht1122h",
        "id": "Hum3",
        "widget": "anydataHum",
        "page": "Сенсоры",
        "descr": "Влажность",
        "int": 15,
        "pin": 0,
        "senstype": "dht11"
    }],
    
    "about": {
        "authorName": "Ilya Belyakov",
        "authorContact": "https://t.me/Biveraxe",
        "authorGit": "https://github.com/biveraxe",
        "specialThanks": "Serghei Crasnicov @Serghei63",
        "moduleName": "Dht1122",
        "moduleVersion": "1.0",
        "moduleDesc": "Позволяет получить значения температуры и влажности с dht11 или dht22.",
        "propInfo": {
            "senstype": "Тип сенсора dht11 или dht22.",
            "int": "Количество секунд между опросами датчика."
        }
    },

    "defActive": true,

    "devices": {
        "esp32_4mb": [
            "beegee-tokyo/DHT sensor library for ESPx"
        ],
        "esp8266_4mb": [
            "beegee-tokyo/DHT sensor library for ESPx"
        ]
    }
}