{
    "menuSection": "Виртуальные элементы",
    "configItem": [
        {
            "name": "Таймер",
            "type": "Writing",
            "subtype": "Timer",
            "id": "timer",
            "widget": "anydataDef",
            "page": "Таймеры",
            "descr": "Таймер",
            "int": 1,
            "countDown": 15,
            "ticker": 0,
            "repeat": 0,
            "needSave": 0,
            "num": 1
        }
    ],
    "about": {
        "authorName": "Ilya Belyakov",
        "authorContact": "https://t.me/Biveraxe",
        "authorGit": "https://github.com/biveraxe",
        "specialThanks": "",
        "moduleName": "Timer",
        "moduleVersion": "1.0",
        "moduleDesc": "Добавляет инструмент таймеров обратного отсчета для организации периодичных операций или логических конструкций. Часто используется как вспомогательный элемент для автоматизации.",
        "propInfo": {
            "int": "Задает размер в секундах одного шага(тика) таймера.",
            "countDown": "Начальное значение таймера, с которого начинается обратный отсчет. countDown=0 - бесконечный счет (имеет смысл при ticker=1, иначе таймер будет выключен), countDown=-1 - отключает таймер совсем (используется для запуска системы с выключенным таймером)",
            "ticker": "Генерировать(1) или нет(0) события при каждом тике таймера.",
            "repeat": "Сбрасывать(1) или нет(0) таймер в начальное состояние при достижении нуля.",
            "needSave": "Требуется сохранять(1) или нет(0) состояние в энерго независимую память. Функция находится в разработке."
        }
    },
    "defActive": true,
    "devices": {
        "esp32_4mb": [],
        "esp8266_4mb": []
    }
}