{   
    "menuSection": "Сенсоры",

    "configItem": [{
        "name": "Cенсор температуры HDC1080",
        "type": "Reading",
        "subtype": "Hdc1080t",
        "id": "Temp1080",
        "widget": "anydataTmp",
        "page": "Сенсоры",
        "descr": "1080 Температура",
        "int": 15,
        "addr": "0x40",
        "round": 1
    },
    {
        "name": "Cенсор влажности HDC1080",
        "type": "Reading",
        "subtype": "Hdc1080h",
        "id": "Hum1080",
        "widget": "anydataHum",
        "page": "Сенсоры",
        "descr": "1080 Влажность",
        "int": 15,
        "addr": "0x40",
        "round": 1
    }],
    
    "about": {
        "authorName": "Serghei Crasnicov",
        "authorContact": "https://t.me/Serghei63",
        "authorGit": "https://github.com/Serghei63",
        "specialThanks": "",
        "moduleName": "Hdc1080",
        "moduleVersion": "1.0",
        "moduleDesc": "Позволяет получить значения температуры и влажности с Hdc1080.",
        "propInfo": {
            "addr": "Адрес датчика на шине данных, обычно 0x40",
            "int": "Количество секунд между опросами датчика."
        }
    },

    "defActive": true,

    "devices": {
        "esp32_4mb": [
            "ClosedCube HDC1080"
        ],
        "esp8266_4mb": [
            "ClosedCube HDC1080"
        ]
    }
}