{
    "iotmSettings": {
        "settings": "",
        "name": "IoTmanagerVer4",
        "apssid": "IoTmanager",
        "appass": "",
        "routerssid": "rise",
        "routerpass": "hostel3333",
        "timezone": 1,
        "ntp": "pool.ntp.org",
        "weblogin": "admin",
        "webpass": "admin",
        "mqttServer": "m2.wqtt.ru",
        "mqttPort": 8021,
        "mqttPrefix": "/risenew",
        "mqttUser": "rise",
        "mqttPass": "3hostel3",
        "serverip": "http://iotmanager.org",
        "log": 0,
        "mqttin": 0
    },
    "projectProp": {
        "platformio": {
            "default_envs": "esp8266_4mb",
            "data_dir": "data_svelte"
        }
    },
    "modules": {
        "what": [
            {
                "path": "src\\modules\\sensors\\Ads1115",
                "active": true
            }
        ]
    }
}