{   
    "menuSection": "Сенсоры",

    "configItem": [{
        "name": "Cенсор температуры MAX6675",
        "type": "Reading",
        "subtype": "Max6675t",
        "id": "maxtmp",
        "widget": "anydataTmp",
        "page": "Сенсоры",
        "descr": "MAX Температура",
        "int": 15,
        "DO": 12,
        "CS": 13,
        "CLK": 14
    }],
    
    "about": {
        "authorName": "Serghei Crasnicov",
        "authorContact": "https://t.me/Serghei63",
        "authorGit": "https://github.com/Serghei63",
        "specialThanks": "",
        "moduleName": "Max6675",
        "moduleVersion": "1.0",
        "moduleDesc": "Позволяет получить значения температуры с Max6675.",
        "propInfo": {
            "DO": "GPIO шины данных",
            "CS": "GPIO шины данных",
            "CLK": "GPIO шины данных",
            "int": "Количество секунд между опросами датчика."
        }
    },

    "defActive": true,

    "devices": {
        "esp32_4mb": [
            "adafruit/MAX6675 library"
        ],
        "esp8266_4mb": [
            "adafruit/MAX6675 library"
        ]
    }
}