{   
    "menuSection": "Сенсоры",

    "configItem": [{
        "name": "Cенсор температуры Bme280",
        "type": "Reading",
        "subtype": "Bme280t",
        "id": "tmp3",
        "widget": "anydataTmp",
        "page": "Сенсоры",
        "descr": "Температура",
        "int": 15,
        "addr": "0x77",
        "round": 1
    },
    {
        "name": "Cенсор давления Bme280",
        "type": "Reading",
        "subtype": "Bme280p",
        "id": "Press3",
        "widget": "anydataMm",
        "page": "Сенсоры",
        "descr": "Давление",
        "int": 15,
        "addr": "0x77",
        "round": 1
    },
    {
        "name": "Cенсор влажности Bme280",
        "type": "Reading",
        "subtype": "Bme280h",
        "id": "Hum3",
        "widget": "anydataHum",
        "page": "Сенсоры",
        "descr": "Влажность",
        "int": 15,
        "addr": "0x77",
        "round": 1
    }],
    
    "about": {
        "authorName": "Ilya Belyakov",
        "authorContact": "https://t.me/Biveraxe",
        "authorGit": "https://github.com/biveraxe",
        "specialThanks": "Serghei Crasnicov @Serghei63",
        "moduleName": "Bme280",
        "moduleVersion": "1.0",
        "moduleDesc": "Позволяет получить значения температуры, давления и влажности с Bme280.",
        "propInfo": {
            "addr": "Адрес датчика на шине, обычно 0x77.",
            "int": "Количество секунд между опросами датчика."
        }
    },

    "defActive": true,

    "devices": {
        "esp32_4mb": [
            "adafruit/Adafruit BME280 Library"
        ],
        "esp8266_4mb": [
            "adafruit/Adafruit BME280 Library"
        ]
    }
}