{
	"info": {
		"_postman_id": "807c9efe-8506-4f5c-89d8-36352e907852",
		"name": "Module_A",
		"schema": "https://schema.getpostman.com/json/collection/v2.1.0/collection.json",
		"_exporter_id": "1989001"
	},
	"item": [
		{
			"name": "Login",
			"event": [
				{
					"listen": "test",
					"script": {
						"exec": [
							""
						],
						"type": "text/javascript"
					}
				}
			],
			"request": {
				"method": "POST",
				"header": [
					{
						"key": "Accept",
						"value": "application/json",
						"type": "text"
					}
				],
				"body": {
					"mode": "raw",
					"raw": "{\n    \"login\": \"your_username\",\n    \"pin\": 1000\n}",
					"options": {
						"raw": {
							"language": "json"
						}
					}
				},
				"url": {
					"raw": "{{host}}/api/login",
					"host": [
						"{{host}}"
					],
					"path": [
						"api",
						"login"
					]
				}
			},
			"response": []
		},
		{
			"name": "Get all projects",
			"request": {
				"auth": {
					"type": "bearer",
					"bearer": [
						{
							"key": "token",
							"value": "{{token}}",
							"type": "string"
						}
					]
				},
				"method": "GET",
				"header": [
					{
						"key": "Accept",
						"value": "application/json",
						"type": "text"
					}
				],
				"url": {
					"raw": "{{host}}/api/projects",
					"host": [
						"{{host}}"
					],
					"path": [
						"api",
						"projects"
					]
				}
			},
			"response": []
		},
		{
			"name": "Create new project",
			"request": {
				"auth": {
					"type": "bearer",
					"bearer": [
						{
							"key": "token",
							"value": "{{token}}",
							"type": "string"
						}
					]
				},
				"method": "POST",
				"header": [
					{
						"key": "Accept",
						"value": "application/json",
						"type": "text"
					}
				],
				"url": {
					"raw": "{{host}}/api/projects",
					"host": [
						"{{host}}"
					],
					"path": [
						"api",
						"projects"
					]
				}
			},
			"response": []
		},
		{
			"name": "Get one project",
			"request": {
				"auth": {
					"type": "bearer",
					"bearer": [
						{
							"key": "token",
							"value": "{{token}}",
							"type": "string"
						}
					]
				},
				"method": "GET",
				"header": [
					{
						"key": "Accept",
						"value": "application/json",
						"type": "text"
					}
				],
				"url": {
					"raw": "{{host}}/api/projects/1",
					"host": [
						"{{host}}"
					],
					"path": [
						"api",
						"projects",
						"1"
					]
				}
			},
			"response": []
		},
		{
			"name": "Update project",
			"request": {
				"auth": {
					"type": "bearer",
					"bearer": [
						{
							"key": "token",
							"value": "{{token}}",
							"type": "string"
						}
					]
				},
				"method": "PATCH",
				"header": [
					{
						"key": "Accept",
						"value": "application/json",
						"type": "text"
					}
				],
				"body": {
					"mode": "raw",
					"raw": "{\n    \"name\": \"new project name\",\n    \"content\": {\n        \n    }\n}",
					"options": {
						"raw": {
							"language": "json"
						}
					}
				},
				"url": {
					"raw": "{{host}}/api/projects/1",
					"host": [
						"{{host}}"
					],
					"path": [
						"api",
						"projects",
						"1"
					]
				}
			},
			"response": []
		},
		{
			"name": "Get all elements",
			"request": {
				"method": "GET",
				"header": [],
				"url": {
					"raw": "{{host}}/api/elements",
					"host": [
						"{{host}}"
					],
					"path": [
						"api",
						"elements"
					]
				}
			},
			"response": []
		}
	],
	"event": [
		{
			"listen": "prerequest",
			"script": {
				"type": "text/javascript",
				"exec": [
					""
				]
			}
		},
		{
			"listen": "test",
			"script": {
				"type": "text/javascript",
				"exec": [
					""
				]
			}
		}
	],
	"variable": [
		{
			"key": "host",
			"value": "",
			"type": "string"
		},
		{
			"key": "token",
			"value": ""
		}
	]
}