{   
    "menuSection": "Исполнительные устройства",

    "configItem": [{
        "name": "SD карта",
        "type": "Writing",
        "subtype": "SDcard",
        "id": "sd",
        "widget": "",
        "page": "",
        "descr": "",
        
        "int": 1
    }],
    
    "about": {
        "authorName": "Ilya Belyakov",
        "authorContact": "https://t.me/Biveraxe",
        "authorGit": "https://github.com/biveraxe",
        "specialThanks": "",
        "moduleName": "SDcard",
        "moduleVersion": "1.0",
        "moduleDesc": "Предназначен для специальной платы esp32 со встроенной камерой. Добавляет в прошивку функцию сохранения фото из оперативной памяти. Работает в паре с EspCam. Это экспериментальные модули и в будущем планируется пересобрать их.",
        "propInfo": {
            "int": "Не используется."
        }
    },

    "defActive": false,

    "devices": {
        "esp32_4mb": [
            "espressif/esp32-camera @ ^2.0.0"
        ]
    }
}