{   
    "menuSection": "Исполнительные устройства",

    "configItem": [{
        "name": "Camera OV2640 (ESPcam)",
        "type": "Reading",
        "subtype": "EspCam",
        "id": "EspCam",
        "widget": "",
        "page": "",
        "descr": "",
        
        "int": 60,
        "useLed": 0,
        "ticker": 0,
        "webTicker": 0
    }],
    
    "about": {
        "authorName": "Ilya Belyakov",
        "authorContact": "https://t.me/Biveraxe",
        "authorGit": "https://github.com/biveraxe",
        "specialThanks": "",
        "moduleName": "EspCam",
        "moduleVersion": "1.0",
        "moduleDesc": "Предназначен для специальной платы esp32 со встроенной камерой. Добавляет в прошивку функцию создания фото и сохранения в оперативную память. Для сброса на флешкарту необходимо использовать парный модуль SDcard. Это экспериментальные модули и в будущем планируется пересобрать их.",
        "propInfo": {
            "int": "Пауза в секундах во время постоянной съемки.",
            "useLed": "использовать диод подсветки при съемке.",
            "ticker": "Генерировать(1) или нет(0) событие с интервалом int",
            "webTicker": "Генерировать(1) или нет(0) событие при обращении через веб-страницу с текущим фото в памяти."
        }
    },

    "defActive": false,

    "devices": {
        "esp32_4mb": [
            "espressif/esp32-camera @ ^2.0.0"
        ]
    }
}